{
  "posts": [
    {
      "id": 1,
      "title": "json-server",
      "author": "typicode"
    },
    {
      "id": 2,
      "title": "Software Testin",
      "author": "Wayne Sinclair"
    },
    {
      "id": 3,
      "title": "Software Testin",
      "author": "Wayne Sinclair"
    },
    {
      "id": 4,
      "title": "Software Testing",
      "author": "Wayne Sinclair"
    }
  ],
  "comments": [
    {
      "id": 1,
      "body": "some comment",
      "postId": 1
    },
    {
      "body": "Caetano Veloso Prenda Minha",
      "id": 2
    },
    {
      "body": "Caetano Veloso Sozinho Remix Ao Vivo",
      "id": 3
    },
    {
      "body": "Caetano Veloso Prenda Minha",
      "id": 4
    },
    {
      "body": "Caetano Veloso Sozinho Remix Ao Vivo",
      "id": 5
    }
  ],
  "profile": {
    "name": "typicode"
  }
}